,scaled_close,scaled_sma20,scaled_macd,target
0,0.2844032278449814,0.46984788826724644,0.12327660002225549,1
1,0.9493625315651234,0.21755643923028012,0.006343549949914151,0
2,0.7838111269482194,0.8868074325274644,0.15870514652171097,1
3,0.22695600741187016,0.8798522966454095,0.7956257734095404,0
4,0.5184293267737464,0.9531553710826148,0.40223713043048825,1
5,0.2863853468786869,0.44736651583872267,0.6111694757475354,0
6,0.9257654148906425,0.8720365139454924,0.9159585281581827,0
7,0.5494176249784235,0.938801844903492,0.0796708535117907,0
8,0.09570280981332657,0.3538466139137626,0.9492371502511913,0
9,0.03756708002476927,0.9746640841347903,0.44023357189596046,1
10,0.3609498734198632,0.47051795571523725,0.8547966845445343,0
11,0.9259900284002542,0.8457676014169156,0.6594909981239736,0
12,0.9451862948323938,0.9248913060745553,0.28269271188556955,0
13,0.12275940609673575,0.7537731125499155,0.38020188949315303,0
14,0.24147674801869534,0.20634759626373933,0.35702358468926676,0
15,0.5284723798354319,0.7418434972481325,0.30538470458169886,1
16,0.509754057947676,0.2485562471757633,0.7212220884735474,1
17,0.9641834970196143,0.17495058133112684,0.7883900848488385,1
18,0.6936215549835467,0.46299407126775394,0.8470588266927074,1
19,0.735622863506821,0.25319203975205107,0.42311457703519373,1
20,0.7955999224372398,0.4059742019822562,0.5954245623782511,1
21,0.055544421622282236,0.26796920547901815,0.343907318276906,1
22,0.512605562734579,0.10725343216502747,0.8168237089482622,0
23,0.44039191136105227,0.9058851120751376,0.4673770495263483,1
24,0.5987501058348124,0.4286915243807281,0.9937584993695373,0
25,0.06983559277422335,0.24938035310199036,0.9056891584169693,0
26,0.6081858495238742,0.23785316703978987,0.40057603935996844,0
27,0.819992384719349,0.002556512642497344,0.03350186405261757,0
28,0.9942412437611036,0.5847143237294647,0.666810008601978,0
29,0.8801897053119564,0.06988250932113693,0.9407781998430264,1
30,0.3667552757224868,0.49128332145995934,0.6248221421079724,0
31,0.6419914070457408,0.43410916865235194,0.5407826515558327,0
32,0.19075140196954643,0.6718039839444435,0.39026805753492366,1
33,0.35513628092723126,0.47124530438551115,0.8346464295980628,0
34,0.10639254583470892,0.046575047665579294,0.5341583716404035,1
35,0.8832205145679143,0.759372024807028,0.004765440341164107,1
36,0.964011479781496,0.26018443110207445,0.38351036650829173,0
37,0.08976810962665427,0.5899445596367012,0.5967298467463882,1
38,0.22921626006600693,0.7028363853444753,0.751935673969007,1
39,0.36100509378496515,0.5427327056483879,0.9811748072770299,0
40,0.6316896491672017,0.8177551733168832,0.0013279042859450918,1
41,0.5995881179285932,0.9781203052953674,0.24567992354775225,1
42,0.7042932992716059,0.3688974501580031,0.5033687465693907,1
43,0.5395805738732719,0.3885143343268743,0.31672495324877936,1
44,0.18170240840470286,0.4502546385175311,0.3404755283862675,1
45,0.35547311976476803,0.27208469156180526,0.39612146082975175,0
46,0.692070944822922,0.2868500472365515,0.12193505502503599,0
47,0.3408978328161639,0.7398813965583303,0.059127944492052276,1
48,0.9593432674855938,0.5311851365636509,0.08972882278173133,0
49,0.12826384992280304,0.06301176611277393,0.9085164419198857,1
50,0.7342159887211335,0.1899270246336544,0.14155010460672146,1
51,0.7016644104775318,0.8202424178765123,0.46142351779395796,1
52,0.9271654868755244,0.9049704523955918,0.5262216282538824,0
53,0.41533185893803704,0.2720425527819368,0.24959968331904558,0
54,0.14575362578160467,0.43445433938808775,0.0629877045130609,1
55,0.15887832843652794,0.625029253790502,0.49239846843309554,0
56,0.7646781630597347,0.005222356015841978,0.045389672523082236,1
57,0.6708411806155239,0.34174129259114383,0.2826821168934477,1
58,0.8578527643032242,0.24481764932129202,0.21938681594016907,1
59,0.12494260364665832,0.16958391822774876,0.29138447386298183,0
60,0.4365552360502136,0.479241767812566,0.13667672659636976,1
61,0.4487483602874398,0.4228748141265952,0.14463681323267064,1
62,0.8524576843412924,0.5198767609637583,0.6664167208651812,1
63,0.894055400985935,0.07588993122498733,0.15095837807991375,1
64,0.9041405253166587,0.1411301339999833,0.8519065835705066,0
65,0.2175372975045352,0.5119546249335891,0.04170689724521959,1
66,0.02534737575890955,0.8947799746667048,0.2597575303678502,1
67,0.3250827152965643,0.08340621702852258,0.15216544701399215,1
68,0.6572490241999369,0.7213858653048998,0.5533130640954946,1
69,0.3473249401302865,0.11239691405296282,0.9452221599514105,0
70,0.14147559052672853,0.21782035974018998,0.1654054632404398,1
71,0.9468995128377552,0.941835745705706,0.90984075820767,0
72,0.5763824215184492,0.7311994868648594,0.24242268385926535,1
73,0.29980594518699755,0.9452836834435301,0.8245025805222422,0
74,0.8485099567429809,0.683933942196133,0.6394521636971858,0
75,0.6883907225028603,0.7708472745822169,0.6508569658658273,0
76,0.33067006613085703,0.25462202791891586,0.946217214309162,0
77,0.3567347819688398,0.1423692314915287,0.5300289488623529,0
78,0.5861304086068923,0.9266564275220198,0.6227820472849983,0
79,0.15811403827377413,0.28551867956498367,0.18161293439989978,1
80,0.281233036781541,0.033849188928114726,0.5156750324479039,1
81,0.045552943447430994,0.9231187490004781,0.5786325826573957,1
82,0.2423812544393611,0.2581336825020156,0.7930612928338353,1
83,0.8804241021802266,0.21124173346295494,0.30156400313429754,1
84,0.01935518486862997,0.36633316236314095,0.9765975123856153,0
85,0.0465763882596435,0.22535433997501597,0.14107075231463806,0
86,0.396623845439389,0.4466816880298776,0.40708779003420414,0
87,0.1810141113504783,0.9719986901131381,0.9980765720226256,0
88,0.2406369812689847,0.4678278817145556,0.22541480621655674,1
89,0.033187530169890955,0.2568102722385779,0.15347684576118648,0
90,0.21170152470304116,0.4519427694071311,0.09521796661324966,1
91,0.3909671893771307,0.9101755726575367,0.6990030753927553,0
92,0.7136779202533452,0.7033147441655702,0.6531470284262046,1
93,0.16757942786536661,0.3588643959690272,0.9300837950742873,1
94,0.9637980351983071,0.5754336694804266,0.7239904567596743,0
95,0.03790600693442503,0.20945292321756703,0.0826285271048891,0
96,0.5452688999456871,0.4339128372975962,0.3662617011202427,1
97,0.6156903090283404,0.10834491459881446,0.1152800479003585,1
98,0.9683597627447628,0.9642541364893252,0.5390778905701349,1
99,0.5839190526837752,0.6528825079840461,0.9886939766172125,1
100,0.8630775180323786,0.14406032478624797,0.2583892877201728,1
101,0.8064327685374363,0.4274443945796753,0.300260548213539,0
102,0.6821802470606073,0.03582712199529747,0.7722812914027617,1
103,0.8920978168087533,0.6744334706698802,0.2830421803423633,0
104,0.6171837648030013,0.5089468661137956,0.2899452483110039,0
105,0.2258819624862427,0.5036317806102822,0.012994156924004074,1
106,0.21522287053811906,0.8642716865261647,0.09498192116584259,0
107,0.9496967948651298,0.9750457438203223,0.9194842661145727,1
108,0.8714454913213517,0.06346775749091138,0.6457631178411591,0
109,0.6725770987521144,0.622955986596195,0.3937994072913973,0
110,0.8881288561670126,0.34800114615568234,0.48666256309030875,0
111,0.10157356156498398,0.5129946448623806,0.9630153852971391,1
112,0.9683326961170722,0.42551806128110004,0.8258508580205677,1
113,0.6221429577311864,0.715372086807789,0.4412279426315686,0
114,0.5081340212573454,0.2526804570451675,0.6462869646761754,0
115,0.7135014236462123,0.9271239159636232,0.0723797022793976,1
116,0.8326212745090275,0.44274705503075473,0.9160144638033731,1
117,0.4673176984773335,0.8779410466587071,0.695295660315018,0
118,0.8440193308611387,0.839189024128295,0.9191849366290236,1
119,0.1491297890661879,0.4483480709849448,0.27457051227638385,1
120,0.80798857939148,0.9042585388185761,0.773090040609535,0
121,0.9586959108436892,0.2888211790430806,0.8760107778868257,0
122,0.9365121381591582,0.2968975079305278,0.43609497544027054,0
123,0.22698222549093827,0.3637143061154836,0.6619711218683417,1
124,0.9915210826042145,0.4383372855343809,0.6498758081916548,0
125,0.8640829756230284,0.03582766808197857,0.6808293561381905,0
126,0.25501410412851644,0.26773816840943643,0.7434385160151659,0
127,0.8564341009829406,0.8059020730254723,0.573536759182598,0
128,0.26322963357434137,0.5883050250091996,0.748888835675094,1
129,0.12764700595562684,0.7220647363386867,0.370721048869987,0
130,0.7695519993152675,0.9073176517517402,0.1428948689315025,1
131,0.6640980332353797,0.993269783895298,0.29311221209208516,0
132,0.22290744827274556,0.7478846599930162,0.28739420106114955,0
133,0.2747729177589959,0.7163294869135974,0.7351216953241838,1
134,0.15127394051709364,0.44750887997905675,0.9668016243711525,1
135,0.3497177052548699,0.057039206900128425,0.5449130959929068,1
136,0.6545223256527553,0.26652903809568396,0.31072518244767844,1
137,0.12293691613384727,0.8008150246738848,0.20528816471979672,0
138,0.9224807656548704,0.22268349076473926,0.1979913007941162,0
139,0.05878233480939765,0.6712229420583122,0.6770148540017317,1
140,0.21418164088162417,0.6093226163393501,0.21324864261094834,0
141,0.5695314056881654,0.554012926926413,0.7049772176317386,1
142,0.11546618978357548,0.8943405224108194,0.2503845938700666,0
143,0.28367856625169874,0.07740787679929173,0.767762599324823,0
144,0.09030713932495171,0.555596936201005,0.7015117575329014,1
145,0.5303197678233379,0.3963590706926535,0.07646959681592802,0
146,0.6324564371183229,0.9808437696587017,0.12938544622182646,1
147,0.1528101919748791,0.35326526073151,0.95420558752567,1
148,0.49431142127779804,0.0012034170143130352,0.16602704384865974,1
149,0.9710603879653849,0.5624115876389529,0.39877790405034674,0
150,0.17750771442638602,0.681620597143523,0.5149418032760206,0
151,0.5196452630228902,0.268764478591103,0.1556149772976021,1
152,0.9941221001433914,0.923500314633813,0.41045558128407755,1
153,0.13497525808045807,0.5746049585214212,0.11997218313112168,1
154,0.5858400299198748,0.9991145578245971,0.8524662597563295,0
155,0.9699945487111583,0.9104164041546444,0.23170698041872628,1
156,0.9501529452614661,0.4668206019145319,0.7209889079773605,0
157,0.08284351350732633,0.5099951592133443,0.6147961409916342,1
158,0.7970972311611715,0.5350124212299955,0.6453766145857354,0
159,0.9941098180649924,0.39788183753765727,0.42033857862999313,0
160,0.4903095638020729,0.7502507893514643,0.2094667205834524,0
161,0.6413328802474666,0.046063923265201256,0.0519340919953446,1
162,0.7450622290532438,0.5401652154581175,0.7100238147126504,1
163,0.9866825598414631,0.7780025651101934,0.008513903802581546,0
164,0.2183384605519535,0.8827705628935981,0.3355556123258372,1
165,0.3004832941628004,0.03182424823050667,0.5666560209754441,0
166,0.01230928342925719,0.22480197955127967,0.7185658811712651,0
167,0.19806537988417916,0.6678369924964997,0.8265821517408422,0
168,0.20232620299676385,0.37135159333685064,0.33264962351954086,1
169,0.889363293777808,0.5311629104815059,0.79885319872646,0
170,0.8107738119170745,0.8260377562361416,0.6356153018582565,1
171,0.5876623264744649,0.4424684455765848,0.756435783636951,0
172,0.46697954211072945,0.4224074307763558,0.07958987596475064,1
173,0.21075514783969207,0.22475268366944667,0.19273693334498754,0
174,0.8851524597269048,0.03398395023933465,0.9607247792119287,0
175,0.007226586026874204,0.5427330164871295,0.5617634322941778,0
176,0.47500575968446135,0.8382047704833526,0.9958643367503105,1
177,0.10838629810028555,0.3378629649667575,0.11648786475922002,1
178,0.8596412997031,0.06031093944939425,0.2672862818381585,1
179,0.6480365798389132,0.4454216442899852,0.7457095293119447,0
180,0.30684316652784216,0.26548259899676385,0.7736609509227117,0
181,0.2449779870815284,0.01015413359243611,0.9668363878774525,1
182,0.8037358512951898,0.9845120347132648,0.5969360774818379,1
183,0.4434816764420294,0.11964987596210164,0.45494078261492754,1
184,0.10237543207838706,0.21625613526454168,0.1719062029964732,1
185,0.8188502711604125,0.8672974419797699,0.29692747013908494,0
186,0.9055624208743123,0.0339749098648815,0.6695791487373176,1
187,0.32477908998649696,0.9526063184060363,0.39010415462393744,1
188,0.5582140542411378,0.5789737947052983,0.4845823182721758,1
189,0.2482541475626291,0.29788751973197447,0.1671294040156701,1
190,0.6092123452519306,0.8616401472001386,0.37073301825890537,0
191,0.0207589255588686,0.1778313418892321,0.11364290471018346,1
192,0.9748862110299414,0.027210008810594766,0.7760299023640654,0
193,0.8575096161230311,0.03790661952791874,0.6288090551492777,0
194,0.07302917287368549,0.29864180096108905,0.3170728000473948,1
195,0.2799789598441268,0.19076045218718463,0.6862486585201294,1
196,0.6972789220137539,0.05875717459070706,0.7260617577960276,0
197,0.0645489654747371,0.19498406392453693,0.21713276635329293,0
198,0.7273922711029294,0.5692144721315932,0.01782747399695328,1
199,0.7864978546240909,0.875431762912703,0.07329110628121527,1
200,0.4324200658566205,0.3870291445894486,0.6742916022846827,0
201,0.34169730615076555,0.9609654738375949,0.345491284288055,1
202,0.5382023781705934,0.5850507388755205,0.8295573092658105,0
203,0.775756502661508,0.3970495576805926,0.8034026958737496,0
204,0.8900236192298385,0.6885864899637898,0.8633488830248952,0
205,0.8876491287727424,0.11191148406403217,0.9205610245215977,0
206,0.838431797930379,0.54713398390251,0.9894050122441204,1
207,0.1891037058613625,0.10766151957057535,0.8817535118183354,1
208,0.27384439181004394,0.7276616096348506,0.2949379981581768,0
209,0.48684038738250457,0.016166322155911628,0.3494402807679915,1
210,0.48680029763761046,0.7718453976558791,0.6922381695493451,1
211,0.8538627382505265,0.5912254638336647,0.7293736434669261,1
212,0.10322977374363984,0.12332842411793954,0.08543039697610455,0
213,0.9522494844681467,0.9814317157214228,0.24328497584918707,0
214,0.4954781793521261,0.40947504104597854,0.010999852016106093,0
215,0.04763090198327813,0.5523406802322972,0.10799180827106525,0
216,0.11674563553672501,0.8836784023670439,0.9712325420951815,1
217,0.4520050234319284,0.7515634183912291,0.6119446076416436,0
218,0.9377396577076443,0.699040170678202,0.016603777662506092,1
219,0.21888837660843719,0.09201072979438296,0.19686392549904275,0
220,0.7110429606320305,0.16393443972706934,0.7311727556117369,0
221,0.8323250895145868,0.27706375853788423,0.06899734410865399,0
222,0.185461389830464,0.9798012440231852,0.6103843733090404,0
223,0.8177809936777679,0.32509973116061497,0.3153937147596949,0
224,0.5104326082080479,0.870895172652091,0.2371890067590855,1
225,0.21816463526080798,0.8578262619571994,0.07382299039409312,0
226,0.11907956171517053,0.19381427224356995,0.5351162235248537,1
227,0.46242372218936934,0.07788124303232558,0.8857447802690458,0
228,0.5978845406802105,0.12249486502278328,0.6695867576034852,1
229,0.010717828607535007,0.22695279245572253,0.12515820386736298,1
230,0.3366601846116032,0.4883531072488214,0.9819090608494216,1
231,0.43917718686102725,0.9186246461065551,0.10941559421675406,0
232,0.72681084274818,0.48534205340461256,0.07173920521652022,0
233,0.07371307385361525,0.6078817348355989,0.030615096957674726,1
234,0.8015255086856903,0.9056853143518253,0.11723530427550377,1
235,0.8810801432400847,0.16607916556005664,0.4612657375359567,0
236,0.4059055200713919,0.22004354112258806,0.4495780989787175,0
237,0.2760386614173702,0.5778327029136096,0.10130914723831852,1
238,0.4956590479502314,0.020681324645712262,0.5449830903305922,0
239,0.5491571188756386,0.8299444024382469,0.20151417701885277,1
240,0.9094682016989725,0.43059897922309165,0.9015109273884133,0
241,0.4658986228132488,0.6119174192003815,0.25979049435467994,1
242,0.4922806061979481,0.7964705974490348,0.8690596025471709,0
243,0.597051102472068,0.27719441947914525,0.4481347857284589,1
244,0.6489029399606875,0.23965777593229298,0.4023088401885645,0
245,0.498309804771373,0.5476327383137032,0.5127494199668181,0
246,0.09823503726820049,0.41512572458661945,0.037219869858816534,0
247,0.19933151685317863,0.14240284744219123,0.7045828608669303,0
248,0.8550878734144025,0.7939713804182519,0.25959128425916556,0
249,0.3753597424451376,0.2945372998390091,0.9202766132312271,0
250,0.922607952036331,0.4987327272742341,0.6999026908762823,0
251,0.9025352146353246,0.7836881363684486,0.6865284193483497,1
252,0.6064646789181168,0.6756897071633912,0.09090116660540315,0
253,0.41512242058645565,0.3464342801654031,0.35668246201994314,1
254,0.6122559279308997,0.976093792680884,0.058028931422895114,1
255,0.3441143215757235,0.9368737893750525,0.6207296157985798,0
256,0.3886231096903562,0.429402270520031,0.636982497030708,0
257,0.14979073743188254,0.3930351664166154,0.5466901350120282,1
258,0.9718597680380427,0.25856229102015926,0.09444328906549015,1
259,0.27954412638446013,0.1826926617473592,0.31279784252461307,1
260,0.29310830984651703,0.8142501008166598,0.8451517391852927,1
261,0.6895764900237652,0.8494229773018028,0.9831427914447967,1
262,0.919750020212028,0.9772302778200057,0.037355023308877744,1
263,0.7140582724240935,0.6116229447236201,0.5866634524345614,1
264,0.5048477916263797,0.4073734030053945,0.15234401580714163,1
265,0.18660890474230218,0.32655326934531814,0.678479691746405,0
266,0.8116903396985385,0.3118624049286658,0.7365739673220444,1
267,0.7734518443461126,0.47174300033786765,0.44702334645205744,1
268,0.6177519204192607,0.04392139342686352,0.2687553985183241,1
269,0.4345956569114299,0.3244254105842943,0.5950903059162072,0
270,0.5186945142294596,0.5505720817174673,0.04326778165300449,1
271,0.5552141180145568,0.4042746798708633,0.3351363582858977,1
272,0.36803888592132916,0.8670482495477403,0.26604499392010117,0
273,0.5838491738426819,0.5646394600349042,0.34520039876289654,1
274,0.5176128773264834,0.11617858644873202,0.9468366086718165,1
275,0.9124664418582367,0.30283039639701137,0.08851111231395392,1
276,0.941737179405259,0.6715575373151204,0.05615223196903174,0
277,0.6303663433859125,0.9712449410239868,0.3301457612640907,0
278,0.476545853099982,0.9818133142981397,0.03830474188907551,0
279,0.37155673356491337,0.45546511511213583,0.7700884897212684,1
280,0.02114433590105913,0.7086560660517826,0.0985517844468442,0
281,0.19799073811271029,0.17682317685638693,0.01254134747552238,0
282,0.8454390662810208,0.6478722842474537,0.5368096636710771,0
283,0.01856416213171752,0.49876121462416223,0.8970155464562218,1
284,0.2574421355924761,0.9905191080096156,0.6500695708317736,1
285,0.27976279138551297,0.5349812738830666,0.3942546136541265,0
286,0.9948996847385927,0.2609650882910811,0.9795769512338254,0
287,0.47990888537627596,0.31183528678855144,0.5560835930761172,1
288,0.8058252154428444,0.36574198928587953,0.9858996628053581,1
289,0.020212068342656098,0.8716965210157742,0.4655161393818166,1
290,0.24301266747433514,0.48051260150619524,0.8415320171226452,1
291,0.7325639597141504,0.12950305058823508,0.4010398116033971,0
292,0.5177725908179589,0.18013850837133505,0.6244792736392312,0
293,0.07404841614416247,0.5540088387308386,0.8712822680711075,1
294,0.712056395185833,0.298932601520151,0.5626232536724691,1
295,0.2940038843972288,0.8850155415492846,0.13392933456167533,0
296,0.07343932880250614,0.3308513958641248,0.10459745058924774,0
297,0.24782544543925622,0.14757989859060616,0.02533601217914505,0
298,0.4712897665338581,0.9301363746767256,0.9924603773485838,1
299,0.5251847241794733,0.2380895560635391,0.13552647288701847,0
300,0.500561604470843,0.5807822700827692,0.4253220815445561,1
301,0.758708332807854,0.07805042589209654,0.048969386309237084,0
302,0.4671896657180654,0.2432737114901643,0.48956054423440665,1
303,0.7988509961438947,0.00279292307716994,0.3500041658271409,1
304,0.5718875710046936,0.6910892482165877,0.49930667269525064,0
305,0.1097120123639983,0.5657611419002513,0.1020488472169705,1
306,0.9422166247678252,0.12129057225445283,0.9336960576770138,0
307,0.7365976442238412,0.33835741831344834,0.8758069889108532,1
308,0.6495478403116076,0.41828938346488875,0.031485681332429016,0
309,0.2160527919487475,0.46794511811689665,0.017874076457190746,0
310,0.08180891620953323,0.1421387589954367,0.38321260765415754,0
311,0.25176144049703797,0.8639228748741589,0.6540347894089943,0
312,0.2632755390552981,0.868042947754062,0.8213815760598957,0
313,0.711559200568578,0.5670154882647178,0.105314836234225,1
314,0.7602394742140086,0.10027705856953828,0.10648454562902343,1
315,0.7167924592682668,0.8651213577057684,0.859569760979807,0
316,0.1078004566297055,0.015659970036660198,0.6203477571967425,1
317,0.7376253606801574,0.933907040481075,0.9282163421903188,1
318,0.20488894738852792,0.6431266050594794,0.3671179719097546,1
319,0.6599920838430626,0.6797831793758702,0.320153573129784,0
320,0.43464108755876263,0.06179302830744515,0.0444897105874823,0
321,0.5364780942565132,0.6106817261705232,0.3806048009726025,1
322,0.24982616537920133,0.07113565595842786,0.6585537655236285,1
323,0.5624650768066602,0.3077297348730431,0.42881224806083007,0
324,0.24671271375117954,0.3276437013678485,0.4743299217210569,1
325,0.170780961070922,0.477590787966357,0.10713206172096912,0
326,0.7121999647405793,0.8144562293085799,0.12488440253503585,0
327,0.17915484489385802,0.05739019372524212,0.6160201389199236,1
328,0.08150021572993282,0.8860775988305296,0.21175640174881905,1
329,0.5812947742088376,0.7861686185894948,0.6007838060925231,0
330,0.29818493275575486,0.9575588575825895,0.4627837446152564,0
331,0.9574544535306342,0.9222550591333443,0.11293650365715202,1
332,0.1814570378126551,0.04510578520195918,0.7617859346329513,1
333,0.0807172551842773,0.353061230472403,0.28634829999700917,0
334,0.35304850767639506,0.5481380025007517,0.8038692985841398,0
335,0.8301099763005957,0.0037717510472979887,0.5024837791648645,1
336,0.18742125716123859,0.26073389877723974,0.7573501420789985,1
337,0.20369375095002173,0.4192139084139175,0.5800457139975906,0
338,0.9857497430621588,0.047000210542937015,0.2283467085145756,0
339,0.1764409142922707,0.8916912702724674,0.5573301702290869,0
340,0.5324297886031011,0.18277681193394257,0.23115684321598862,0
341,0.9620528765105254,0.5529605402847494,0.18434583140704242,1
342,0.6029264052123384,0.4326045267308174,0.12738407808415186,0
343,0.9157626650632493,0.8047753287020364,0.6647333739954836,1
344,0.18248141866730838,0.959074610090389,0.5407424001695194,0
345,0.3615698533827868,0.3646165530523383,0.4218367214409665,0
346,0.2329233836816057,0.37706631086154263,0.590377968020707,1
347,0.11320999341183569,0.42614813341452307,0.06195541826514139,0
348,0.6482235671923549,0.13559524176875426,0.19138362641425277,0
349,0.5998906056792698,0.5627647180699756,0.2806012482939594,0
350,0.31716632821891644,0.7477363581685785,0.14664834985140007,1
351,0.3148090689581009,0.8016835396091575,0.9700500056814795,0
352,0.7927893958997609,0.31699409570902226,0.2943603978330688,0
353,0.8043973620213803,0.5632690924962914,0.05282188893059381,1
354,0.32843370948519246,0.32552320659684253,0.15127813176773142,0
355,0.3052361454105639,0.9964454468969556,0.20390748047361162,1
356,0.3615129353549992,0.7192295013335583,0.9066121251979499,1
357,0.6511222454953193,0.5753595839915724,0.8171325827534763,1
358,0.2919355326280234,0.12630279332026095,0.15134747859591025,0
359,0.1776846415396245,0.7397499402456537,0.759741106781889,0
360,0.851863634760926,0.5497110778622228,0.9380397992753364,0
361,0.42179524345873476,0.8638210149335951,0.09408143042668338,0
362,0.8496334714693783,0.9017838227967602,0.9044074580602552,1
363,0.6204687361699169,0.7299431438998943,0.15450672738040583,1
364,0.9471383591010103,0.17711264893364242,0.858240801384177,0
365,0.19931633611018595,0.5990319322750437,0.04079166467164774,0
366,0.7573841759762584,0.37098777121607784,0.569104536786025,0
367,0.5931237922036404,0.7003480426611263,0.458512237812409,0
368,0.9765750618579759,0.5134797642554031,0.403399332313055,0
369,0.35215343942473953,0.9175669959550824,0.39714698820979,1
370,0.05219669216759537,0.9423074752603682,0.35151370064818455,1
371,0.9984345869026783,0.9574845189306384,0.002475241986736987,0
372,0.14861271866783665,0.6051195816698308,0.7697872159373037,1
373,0.5387985846580716,0.770074564453865,0.7736095289343894,1
374,0.40164517998810323,0.4157180421811607,0.10225263234356319,0
375,0.09432143498874179,0.8682534369834087,0.9925878355908816,1
376,0.2475105771530426,0.9848899803947138,0.7172632990830597,0
377,0.42407805730723935,0.5264678630829751,0.19906230918565226,1
378,0.9622587187228884,0.6999127671218349,0.03541360525779347,0
379,0.575033756162987,0.13584629171050755,0.5277602476199568,0
380,0.8551701411211418,0.7601926805847625,0.9921187604133835,0
381,0.8862595572934765,0.22176813609131585,0.49934623365780495,1
382,0.25655621359977476,0.7075356121042654,0.29687440034734913,1
383,0.6628380175623091,0.5143892622446656,0.780771870508946,0
384,0.33556035141733553,0.05703196973562652,0.003451912939295254,0
385,0.6302888818664867,0.3720012808051997,0.6186492269463605,1
386,0.9404896149158687,0.048394831425289775,0.07778556989065777,1
387,0.725761415421651,0.23287630116593405,0.2750645460160466,0
388,0.8350469161129103,0.2151373164440994,0.2783788740625861,1
389,0.32789104987299333,0.9930543027924931,0.1254779829427083,0
390,0.8415852208475955,0.2003971742368169,0.7941488270887785,1
391,0.5391576234045846,0.9284823280060466,0.0085366321897129,1
392,0.08042301332916568,0.53403726829084,0.6439597069480836,1
393,0.5832873808930625,0.1441576003111168,0.05312174551187754,0
394,0.5609749322498553,0.8401845254637491,0.06934501857575959,0
395,0.08904556212952841,0.08129573699310977,0.7691930378299315,0
396,0.9756327099111546,0.054911728521530034,0.597259663531768,1
397,0.6899610613936491,0.16373610245205217,0.93674415698374,0
398,0.04245723944128754,0.4119673591138,0.5195088551599113,1
399,0.5836574284858239,0.49835954970016316,0.18313716444449069,0
400,0.8405301419936712,0.35641325349139397,0.9132542246820575,0
401,0.6266555201047845,0.41869258574790325,0.9106698978007285,1
402,0.06167758382310118,0.8302046730141274,0.82015514001244,0
403,0.6378925315369335,0.5295428169373758,0.5484696783029506,0
404,0.7366496545754843,0.9720650682882184,0.30697791736348823,1
405,0.812289009929159,0.20149462121829698,0.25752734763633955,1
406,0.7553640642618494,0.46637710044175906,0.8999481584905509,0
407,0.34507973918742496,0.3043420609924997,0.7257782957241958,1
408,0.09122188630774908,0.07021439695104092,0.9022176780755334,0
409,0.23077104020836692,0.8993406095565744,0.81085543156704,1
410,0.501058587481119,0.3752704190705132,0.908417229263434,0
411,0.06778333604757025,0.7435685089490073,0.4717628825131851,1
412,0.24395351277873,0.8941284639019248,0.6045529232497435,0
413,0.2365128217148149,0.5209405640725344,0.5409129142687532,1
414,0.08252114203068905,0.4198584603452383,0.3661496816513835,0
415,0.7636631116408492,0.6170907275633891,0.6752436619661872,1
416,0.47367276350951415,0.14609078300694311,0.8620501062478393,1
417,0.14969018066393835,0.6438403302927159,0.9108126382218412,0
418,0.3915104704497335,0.20858378004772538,0.8797069788736855,0
419,0.394173236236779,0.6482527666909456,0.9336425164102626,1
420,0.3760341206382529,0.8653859283738757,0.21550589110597063,0
421,0.26780261286834994,0.32170046844563804,0.7061936179187647,0
422,0.10142707402563722,0.6187042242542999,0.7757628043528503,0
423,0.6654715008816794,0.9801029601404516,0.374210418628253,0
424,0.9608619204573524,0.4810118749565163,0.07808282852874682,1
425,0.507581003854457,0.6097358268879371,0.47873282220789026,1
426,0.4343192196142327,0.019265943816172304,0.8175094491880505,0
427,0.17713806688298328,0.16107444981891494,0.46865937548358916,0
428,0.13680299754168201,0.575479778753199,0.6651181645648772,0
429,0.6370681738007719,0.888204017399173,0.5691653685172692,0
430,0.1394800665176562,0.9449091178878596,0.15741060416563213,1
431,0.6705914719746132,0.6840119861696187,0.3084080280214654,0
432,0.40348615566075274,0.4472972697243298,0.21753089468401732,1
433,0.14039423105672277,0.3952803286954427,0.9234401253858799,1
434,0.7102790622934733,0.699529915546752,0.3530330486953519,1
435,0.22097211916941562,0.5172334549230567,0.27365630397055773,1
436,0.4602488955858588,0.8084546240707299,0.33580817931113505,1
437,0.5686323971094875,0.520504794495793,0.06888567085511166,1
438,0.2531622256705782,0.6579353133976646,0.5376448431046215,0
439,0.6128985614807162,0.7620687605513173,0.7599880789543871,0
440,0.45798897531087435,0.9775923343201764,0.2041697406118156,1
441,0.5983638483330702,0.8490793048132396,0.7922492078394544,0
442,0.5957332592845075,0.834510024280486,0.3408922561961373,1
443,0.43580814980942073,0.1988694618831255,0.007824430275669703,1
444,0.7212758593749243,0.19537109566377142,0.30771074555558653,1
445,0.8959067993717826,0.9266751099573489,0.8548585555798289,1
446,0.23670455365924292,0.8180687721569219,0.592159379067239,1
447,0.6887203797490077,0.3172287258816603,0.2424183196702947,1
448,0.47885508086330597,0.07983461670974956,0.1573776143176271,0
449,0.5820707336202798,0.18108114141146048,0.8924513173862626,0
450,0.20564470155473058,0.055646597298956824,0.41270027614345894,0
451,0.17843927846190621,0.5969692571936779,0.8166752725587766,1
452,0.4385253167766745,0.47069589291577285,0.9567306333051967,1
453,0.8868432546965024,0.47540750078334837,0.9990431230656205,1
454,0.9415283329503026,0.8708389133673433,0.7556953616615183,0
455,0.44576846834251727,0.4725389399493338,0.6784844531938358,0
456,0.5114811908832937,0.10930529164615099,0.15322051477483123,0
457,0.3497204021765269,0.7523607844177694,0.0703779144033927,1
458,0.3981737235144004,0.2621837052382494,0.6494141587440716,0
459,0.5558713958620579,0.3654308869950752,0.7556133264155347,0
460,0.7301145385137653,0.8205441044336228,0.46813406247798917,1
461,0.4736804820060675,0.6249054918510845,0.023425404173441078,1
462,0.4355845952803391,0.2899441218463962,0.21340832379233687,1
463,0.5897592526397043,0.17312931828117584,0.05002558716683836,1
464,0.1803386826753932,0.28786616255720265,0.8494806422143978,1
465,0.5784104847922945,0.20476226703386458,0.25080231859074253,1
466,0.49548933155676744,0.6184630192892812,0.7269472474224518,1
467,0.30505144275000684,0.6934056139385787,0.21036184516450873,0
468,0.4067917701618984,0.998092105735889,0.3938291401177423,1
469,0.8148198825117632,0.8105281049121237,0.25241161601006523,0
470,0.5133327025851117,0.24699361121416508,0.4465730082324012,0
471,0.6356001111137043,0.21570344194232394,0.2896623937434545,1
472,0.3751826437344217,0.43285835769676206,0.8996035766597714,1
473,0.02825694646223842,0.03282059064724352,0.060036747016631975,0
474,0.580102918624579,0.7448802785601177,0.66919937654782,0
475,0.793270504865637,0.7604519546211955,0.80129993293385,0
476,0.07980366390870608,0.28076763283543593,0.8249755560391471,1
477,0.5349483409520788,0.1716595677789552,0.4231001019330751,1
478,0.04479309664881925,0.8296020181232038,0.6256456374797745,1
479,0.44666903345981157,0.8365559472517523,0.04369234843422898,0
480,0.016770773528227312,0.7967001655602375,0.28083334562453555,0
481,0.7823273365364017,0.024979033372083403,0.015525082011811686,0
482,0.3356370588770423,0.42723687066227645,0.2210076672976521,0
483,0.8597775345593234,0.42407470816840254,0.8098086897791327,1
484,0.29356123098350595,0.48014726513257555,0.23963108239046582,1
485,0.9645558976684229,0.05487134933795346,0.5217641326368896,1
486,0.4621669197008649,0.29865552918265537,0.1642638697062353,1
487,0.41331523700998685,0.47904081245036245,0.03102645684129013,1
488,0.4686278175387497,0.5352822140041836,0.4166199248327721,0
489,0.5853456528107305,0.9855603511009388,0.17857002487185558,0
490,0.32953669351859305,0.24948216957108427,0.9819606890802103,0
491,0.4291984118004144,0.9978566295747938,0.822132067732152,0
492,0.4717551341830932,0.5572991179931774,0.3083285173394609,1
493,0.933073619464189,0.09955828766892749,0.10477512854500304,1
494,0.009487322942564158,0.08439656041690757,0.13709854012794997,1
495,0.11242397418174943,0.9194890093047439,0.45148448710733424,0
496,0.327564991552741,0.7306611782521419,0.6953251534206892,0
497,0.2600666701202178,0.5374868045236268,0.06684848234876861,0
498,0.11577531676312025,0.4282256427707134,0.033276237375469475,0
499,0.8111105626150633,0.1525715118792932,0.128704740042891,0
500,0.5907636822120488,0.06920571205786374,0.366937836924516,0
501,0.9745097732832702,0.5258301928383313,0.9041669340115436,0
502,0.3115453489727814,0.4729810483050072,0.6564175972552285,1
503,0.6701633393976073,0.13391128296269272,0.4838855460274395,1
504,0.18262195501628853,0.6973117616250073,0.22240229934584854,0
505,0.3813739956156347,0.0994067474225736,0.4225307167758291,1
506,0.47475429372628375,0.6209142464572086,0.6348170112087543,1
507,0.8059141597996151,0.06394787059945961,0.34770015279572164,0
508,0.7488123695717362,0.4108064960265987,0.1887136247627299,0
509,0.7850637304869229,0.25079311261022685,0.10443106669109115,0
510,0.569107527400046,0.1630846373319499,0.22517983601526403,0
511,0.8855788124090493,0.722633077593997,0.538778360250305,0
512,0.6060791685536266,0.30713408799343833,0.1817684074987289,1
513,0.24990299722010734,0.5753443860549554,0.48116565057928506,0
514,0.613147705171965,0.20802930157397315,0.4344510430012366,1
515,0.1462512214577001,0.004224439404224345,0.7922297703141774,1
516,0.5327477622416779,0.16929650513521544,0.7841204708668376,1
517,0.9055624912352253,0.413391567270884,0.3951905740675482,0
518,0.22869364331506326,0.9120540338902733,0.5913548686751917,0
519,0.4933401938886057,0.86957609376406,0.5392000678394365,1
520,0.8277643215689826,0.9079448187130863,0.6918509904210649,0
521,0.5460276986303875,0.1342560833490798,0.9998768469774197,0
522,0.969779842021592,0.9941834053116161,0.24205861524903405,0
523,0.9501230969491562,0.8788916059072948,0.2502179355228782,0
524,0.9712281467695887,0.5995899246783462,0.40983566871897603,1
525,0.6202918208960165,0.7319666281636762,0.36417769381663134,0
526,0.9476691792600483,0.53887604832768,0.9065314640370947,1
527,0.16775605971540153,0.25651103909105144,0.5576190195885934,0
528,0.107193204348766,0.7879545426673316,0.9910979490735323,0
529,0.09243949616445057,0.5837137818195229,0.050993880478291786,0
530,0.1568381157536426,0.2399179214357271,0.6215644081645313,0
531,0.5126131030609268,0.9831366050291233,0.6752683814723822,1
532,0.024773812084288527,0.7469647692265018,0.1926144467286618,0
533,0.0010476540593066241,0.27460096479098084,0.614842387115801,1
534,0.37847489277666424,0.880059816978825,0.896069154949485,0
535,0.9424727580171521,0.40698381354835345,0.5584673659414403,0
536,0.6408783702705121,0.2442420463967514,0.17101955498246768,0
537,0.8877341110271394,0.6546071975008176,0.7795017313564737,0
538,0.1824865401967134,0.24001529488561169,0.2546598210488513,1
539,0.0700268429520925,0.7092501824709966,0.8696245660294194,0
540,0.2827420051612167,0.6874448013524189,0.9557754653559617,0
541,0.5149135402407831,0.19285612535200658,0.4246568120029002,0
542,0.29812811891692326,0.6944593069529282,0.8631387570859838,1
543,0.9401254282953474,0.8259493131990391,0.5862971739476553,1
544,0.12745545021864546,0.9963632683132946,0.2644010556892584,1
545,0.7069869871061076,0.737266294532576,0.9443021696749774,1
546,0.08482211863421985,0.2927984173458009,0.1581891293059029,0
547,0.04178966281720875,0.5714791944924243,0.4379103640466747,1
548,0.26397123348976403,0.35598582860349914,0.5726610486089306,0
549,0.5535691470809446,0.704982763208291,0.699105416390813,0
550,0.12311201325097565,0.8807901214574823,0.12521941462061004,1
551,0.1778197509786772,0.6784679117248382,0.7741179486126082,0
552,0.8700400253591513,0.828937045809968,0.7023487082058136,0
553,0.648706210867131,0.7574477407403519,0.4326387618931995,0
554,0.6753253449864071,0.3479651736549867,0.44337433967455187,1
555,0.9438448915744592,0.7845663573980501,0.8900500442961302,0
556,0.5167841500078136,0.8289423752395658,0.7851237563528017,0
557,0.7027870682599843,0.0534351409607392,0.5943865604557353,0
558,0.1696964016838567,0.8411650255620968,0.09327990095112493,0
559,0.4368883940748306,0.2211792941263243,0.4713040734193398,1
560,0.9262511830089073,0.44675315293695517,0.26299719437529134,0
561,0.24965888057787555,0.8298700815075507,0.5278080094861227,1
562,0.7702701290925704,0.6523323957295808,0.14723481764036928,0
563,0.8237629398946343,0.6278556147383911,0.6999427169755181,0
564,0.5281446601396302,0.8719216307655303,0.8220760982176566,1
565,0.7930107621246701,0.29294299308978755,0.7759778124513022,0
566,0.6347338959221901,0.7864926404327125,0.17857685166064963,0
567,0.6193313981893018,0.10513839181631157,0.4273489996536436,0
568,0.4641514996843219,0.08249049788701235,0.24434870313575918,0
569,0.9230840697851942,0.6081517055363668,0.8580049828068864,1
570,0.7710810039404798,0.3786357468533862,0.09336812322800159,0
571,0.8049908707988989,0.32206962814831497,0.8534275715522466,1
572,0.7088104312492634,0.8878347813123372,0.7902576567200177,1
573,0.2935004076248655,0.20844696117475636,0.22143718286781444,0
574,0.72197771780423,0.2167104250734403,0.34738252040349027,0
575,0.054265252016010845,0.3003724226155623,0.6270068562535391,1
576,0.9589283292197476,0.8724850837955546,0.7621669740162388,0
577,0.9178218670788989,0.38045781783923904,0.33545420866310705,1
578,0.17010706473654214,0.5884289990075652,0.853083421402608,1
579,0.7465320304340646,0.3589048587538626,0.7936728077888505,1
580,0.7388327623378935,0.8451734716689526,0.004608948779802002,1
581,0.48206997749820957,0.847631400378576,0.33617946966544665,1
582,0.08284563346566509,0.2770133568106534,0.5400003560623143,0
583,0.5895909335326768,0.11389543817100056,0.10916470000505663,1
584,0.6600497987672916,0.015994839457179943,0.1252794063083883,1
585,0.5821311026179381,0.22214383483332556,0.3973797707122231,0
586,0.8296387178667763,0.8198514770492141,0.11293417039626186,1
587,0.14601833643106032,0.04993566045020004,0.8070623309294939,0
588,0.34454187721279816,0.34647493960872244,0.6951189621178894,0
589,0.6466950366701211,0.1577693222262051,0.9448025358786467,0
590,0.5360138862053494,0.2889506924481249,0.7102504059817565,1
591,0.6368188476180117,0.10811039696111302,0.32296508903416465,1
592,0.6267244355868226,0.07614135751385931,0.29838455892144866,0
593,0.9965176714141606,0.35660165265789745,0.9286943055969809,1
594,0.012847759851949081,0.49090994534665333,0.36147055186849175,1
595,0.7680112825460822,0.8769020112724705,0.3155807673126959,0
596,0.8067783369311438,0.5648996661117693,0.15089477394063877,1
597,0.07918861401621968,0.9502628321330423,0.6666163451499891,0
598,0.26348539629944356,0.724061846026079,0.5052289954160912,1
599,0.7596009228321772,0.9491085161047995,0.94365717307639,1
600,0.34619118853687747,0.8261149564736168,0.8584744341343635,0
601,0.7904388878043074,0.8539791475258853,0.024112911102369905,0
602,0.9764406324036258,0.8682159572052862,0.7698298234393798,1
603,0.2817609989082541,0.21122262288528137,0.4579443966414434,0
604,0.5703834703782193,0.7250870685755315,0.2858526819604198,0
605,0.21474156980521086,0.023030970184316546,0.9061053659620559,0
606,0.11950411111594295,0.9921958629415305,0.40976596671176757,1
607,0.0400463455828467,0.9864674471083941,0.8049007427392282,1
608,0.39234015965842184,0.5835673058829123,0.2162849361976038,1
609,0.61256222265428,0.20077126132191703,0.89026753114758,1
610,0.5705813402054047,0.1477685701975343,0.19266712942727182,0
611,0.8519231153211285,0.13024626892328772,0.18421960700109874,0
612,0.2239144570956001,0.9570036380160167,0.9553506257223502,1
613,0.8993515103534981,0.36128068844871386,0.9659310779273688,0
614,0.25913851973971735,0.4687344139924695,0.04085265095886703,0
615,0.13603889692928395,0.660262217580045,0.803598392873436,1
616,0.3593148905789191,0.1365598097451972,0.7528316267197803,1
617,0.4818425555992464,0.6769658465732624,0.6489977520887743,0
618,0.018256456639443308,0.41606414643160183,0.7531091564846781,0
619,0.5070695381358934,0.6351707343789887,0.85804007185174,0
620,0.8005085980840135,0.8091911197781371,0.17802769126339324,1
621,0.486949683305016,0.7007881856681399,0.01985982035027234,0
622,0.1206098636623043,0.07170271018830376,0.8268356408792387,1
623,0.11591058085080597,0.18632580521986253,0.5342571333597433,0
624,0.6253944578692879,0.28945782057460634,0.48977639233353687,0
625,0.05857160039149967,0.8139376668452708,0.2225810221410507,1
626,0.655223578547363,0.7457358982907911,0.2916390511813908,0
627,0.15805672229374246,0.751891939636846,0.7415735500314832,1
628,0.7676139733769687,0.03561033105097744,0.39583576020162325,0
629,0.06225887951317277,0.24258947534120445,0.5492284554325971,0
630,0.5822030907893521,0.7430690287646656,0.6216255139081093,1
631,0.6595412248472234,0.058494601972578275,0.712360322703521,1
632,0.6047747152463198,0.44194969918492666,0.9529755612099542,1
633,0.6980762103317861,0.02469314349344387,0.1479734596811878,1
634,0.8298366413692103,0.07127066878652566,0.14654868437633783,0
635,0.3422954262653711,0.740643688655238,0.7641454814617203,1
636,0.13769987738053913,0.17645662269954987,0.5982179917606961,0
637,0.5938299305046765,0.09562680094617004,0.4490400981531758,0
638,0.8827660158289935,0.9574869106632499,0.3022843855724744,1
639,0.6417354240476905,0.8952687884837645,0.5899961139055051,0
640,0.6456495220512458,0.05858273954624127,0.620906351000263,0
641,0.38697241975442676,0.9103217976427483,0.5729405610441907,1
642,0.7434087824303435,0.18583754361640992,0.9824340746324705,0
643,0.3057446424552982,0.3929344130003526,0.2242470463363081,1
644,0.09261506481400084,0.5329486060106757,0.06924251106805246,1
645,0.9170142679361571,0.7225110205636481,0.5818927205989857,0
646,0.2552667144120736,0.8991458337683105,0.6108229374928853,1
647,0.7190707730227802,0.2086776508748438,0.1060917189465701,1
648,0.7431175213223539,0.25007861771179485,0.3855045839424074,0
649,0.07967873595474839,0.41793748933240604,0.997813965592366,0
650,0.6794937754855273,0.31070772623997867,0.875934957718375,1
651,0.17603085059006285,0.7394411035470614,0.0005821898899984745,0
652,0.7544265024655131,0.40712629862983896,0.40588819892183314,0
653,0.8773350344282927,0.34981049724321245,0.20375745308860405,0
654,0.1099969845531712,0.9383564699640027,0.20251809382650177,0
655,0.8773294123131872,0.7784602739069159,0.5980007884468804,1
656,0.8782981194740233,0.40555754794334153,0.06519171927749356,1
657,0.5750155546486265,0.9794238158190363,0.907902807475908,1
658,0.2192329352162813,0.623786693677791,0.12951084134441748,0
659,0.9096905909473796,0.27944281467230214,0.33595906079796756,1
660,0.29759417033191926,0.3604496914499201,0.0441276106685804,1
661,0.645529767143084,0.5777913380401666,0.6071297339289462,0
662,0.9915149678795839,0.24117544274572988,0.715780443777012,1
663,0.2125247317009632,0.24442085413555126,0.09019603392411368,0
664,0.15472291851022113,0.14847832049285636,0.24756754821598537,0
665,0.2888040714719894,0.6589150891271731,0.7767143164709225,0
666,0.0008953010027332731,0.11999107691430477,0.3420387918509046,1
667,0.4817216026223924,0.11210192186747048,0.5715186756986483,1
668,0.5911871785538824,0.057489991857111344,0.8732237142066749,0
669,0.34860586909602775,0.6285703821212731,0.3901849225946691,0
670,0.14960178067956753,0.06277729470835924,0.10966568800706145,1
671,0.02608175996783535,0.9862037803659084,0.5843784284429133,1
672,0.026908651061965605,0.7387030002116404,0.0658541398693625,0
673,0.5852916684299209,0.030246751360667012,0.4425702569637576,0
674,0.818163096173832,0.2314559574340289,0.3213098712940222,1
675,0.2122848153367657,0.44936517998587555,0.49386058539501876,0
676,0.7141663773219933,0.8498781047264827,0.5954711303447602,0
677,0.8992392185050179,0.569720640117545,0.10260169577652178,1
678,0.9128549339300496,0.7837847892219098,0.94886939131977,1
679,0.53693615502831,0.6259868812543076,0.8886978846137847,1
680,0.47237425934304433,0.9167780920871358,0.12819672045731112,0
681,0.9237536954566301,0.810837746840401,0.3878686648168589,1
682,0.9908080572881899,0.21994397345959904,0.7534469374978314,0
683,0.1994565598998872,0.7496747979186679,0.541939094359351,0
684,0.54030085603446,0.1614837087497405,0.5858590913491094,0
685,0.10831996119210452,0.41378881695248004,0.13460353450987939,1
686,0.9900549334396355,0.5581394896415589,0.4352176254674792,0
687,0.927557167261228,0.9714153626961554,0.6779584409377207,0
688,0.33214768312999676,0.9020236990630336,0.36148309635413545,0
689,0.2624963956868308,0.9101745319516319,0.1038538129388058,0
690,0.9336474583290696,0.5708212942109706,0.834672361806928,0
691,0.13194998115100942,0.7615665090710745,0.2348527207636164,0
692,0.7761372353534475,0.914489405193618,0.5143807258287385,0
693,0.4737252369531414,0.4028005256093393,0.8659207246151408,1
694,0.16808445507843417,0.7185211272122525,0.6052730106963358,1
695,0.49425813296277366,0.18811688345218502,0.2899539897270208,1
696,0.4936771487286049,0.10603652650661177,0.6601726233902708,0
697,0.0549749097904948,0.6430021683825926,0.68260540182839,1
698,0.0604825886416307,0.05384831448560845,0.2662220222646374,1
699,0.04377755476734535,0.52636455647738,0.34389503712747393,1
700,0.7417312605532542,0.3123769420311965,0.7859345232605652,0
701,0.8488801175329743,0.10960571417034748,0.7444314048172848,1
702,0.8589484316637881,0.06693961234956758,0.35622059842274556,1
703,0.7632839071174974,0.852493663397927,0.4097387121161502,0
704,0.7923712878452115,0.07469338273849013,0.6219249253650971,0
705,0.26753110343722275,0.48573995613103604,0.6735926368821404,1
706,0.3375305200624361,0.5436169303821332,0.4371513234815362,0
707,0.4546332677360424,0.9005132542745187,0.7694029154273059,1
708,0.5189036784931286,0.18267790923237848,0.6518784350443897,1
709,0.41798024736862416,0.9662234328361284,0.0925497809204352,0
710,0.5993280393862873,0.7427009653793664,0.9071639153440044,0
711,0.31091432042178957,0.7780743880025469,0.5122016653837591,1
712,0.33455479917912767,0.8860579932427457,0.11458174514040798,0
713,0.12958151312685862,0.9402645405412521,0.6036763010047699,1
714,0.5781427405778764,0.14650924813544564,0.5458113194445601,1
715,0.8409298176304651,0.2691761485873059,0.12956536787667206,1
716,0.6677727105342462,0.9892927659897196,0.43987635633654176,1
717,0.7455433821960993,0.3606592293951282,0.10444567738378241,0
718,0.21153496337542932,0.9258075376063353,0.5701781904841142,0
719,0.5785667969994465,0.6698962668239664,0.3417604090322043,0
720,0.3292523522528543,0.14810455747174012,0.5932861733116684,1
721,0.5489842006962792,0.7841587752747399,0.7137199040179955,0
722,0.6793303363762541,0.20168759347963738,0.6251994178656297,0
723,0.011680388665935348,0.5608916774892071,0.448425920237736,1
724,0.9417275920852842,0.04856022978145558,0.015053611738761408,0
725,0.9538231378707418,0.9540595048905349,0.26707911598742395,1
726,0.8465127646948614,0.5282813730780554,0.01707093371039925,1
727,0.37821204828711896,0.8230412358867014,0.6843052131900399,1
728,0.4642495858586052,0.7063883898548367,0.7167110315996243,1
729,0.6452542786016527,0.93684777666903,0.7900634775723658,0
730,0.7201474921299159,0.9574819060261741,0.37834801092304515,0
731,0.8227446449623255,0.06042695555521793,0.6809463884807372,0
732,0.9448180401494418,0.6387835950940599,0.3451065056863907,1
733,0.6243750107297772,0.7287912125174087,0.013981988149504132,0
734,0.7002352340348522,0.7462294481722814,0.4740213362984321,0
735,0.5051696399876919,0.5461584314116473,0.4566527237542637,0
736,0.903322062227765,0.6318760622000155,0.8624131685140204,1
737,0.503190543292683,0.06953545009820628,0.5796748865160685,1
738,0.6279453322954386,0.5353412024023585,0.6719010425388479,1
739,0.899240519979243,0.1078360875178519,0.31180816534310707,0
740,0.9082800894237931,0.6716105692563922,0.3025486350949813,0
741,0.6843276623278122,0.7717024279490706,0.6325706881483666,0
742,0.14947711165010702,0.509949579071017,0.36392141398932,1
743,0.5687970227193574,0.15639237715094834,0.5940367832080966,1
744,0.36598360439463085,0.6649889183456621,0.8201727919455609,0
745,0.6834193950596736,0.7169581403654383,0.07647102679999052,1
746,0.3254376260861226,0.6800543819036806,0.6195825767568001,0
747,0.785272012564896,0.8006844053416793,0.9736171962077168,1
748,0.6588522947700143,0.17299034174755268,0.23263060213245268,1
749,0.528176256939504,0.1197765200536659,0.8891105814577956,0
750,0.7993812916297733,0.40228435993575185,0.16143988301224343,1
751,0.7974086839796813,0.9140191944602629,0.9430749101883901,0
752,0.45118028454345305,0.20872266722199195,0.818991393344881,1
753,0.17442810006559106,0.5808219687567261,0.5388081171121355,1
754,0.5937333123946469,0.008660392396211303,0.7374854037737193,1
755,0.08731872994408307,0.18331643619941018,0.24359237029968284,1
756,0.1634319630845299,0.8982929531910722,0.5688573535623324,0
757,0.6010409422550538,0.3618109121812184,0.4074586369245302,0
758,0.565204680771496,0.8610813886176109,0.8771283170256086,1
759,0.5895857586362654,0.8278357588855901,0.4920099751912198,0
760,0.3169073567249626,0.2977980600621387,0.7604903295685583,1
761,0.5800501425358704,0.6848065833529571,0.44856280932145587,0
762,0.7860481539954963,0.7034856686341816,0.4170713626036985,0
763,0.09612082283157286,0.3197329587406721,0.8942658994067451,1
764,0.9941165866719643,0.7177377990238738,0.6086144373965634,1
765,0.09614061372043836,0.9767529940829348,0.7886699087715509,1
766,0.7357249552725903,0.9146064827174807,0.648982649383748,1
767,0.5731465910042616,0.7297980216958775,0.22235240383573274,0
768,0.44816882555210613,0.10620453540876784,0.3326143435101542,0
769,0.9131134017561758,0.827459974821378,0.807806962012755,0
770,0.417652890458758,0.6739624945524011,0.04971703654268489,1
771,0.6522256533916898,0.4798644283187815,0.012651485923717232,1
772,0.6048061535256471,0.5619353294148619,0.7599416337584665,0
773,0.30652564592941,0.8585936977697428,0.013856621194572094,1
774,0.8006026507896689,0.25928030532485435,0.6239068654136519,0
775,0.8293239160704251,0.17912401608164585,0.48775315693621035,0
776,0.9031266749553112,0.7343952889060003,0.0788981049345544,1
777,0.4650954145086956,0.2736730069686185,0.07868087733925055,1
778,0.4512048851908108,0.2791085910019656,0.6675653983014629,1
779,0.5962276840676711,0.31089983385216424,0.2147422813557479,0
780,0.29701535969965487,0.2091669520102709,0.8405844516052957,1
781,0.4932861528869299,0.27404041705326665,0.09580462899081044,0
782,0.1520004351913674,0.32315119682969684,0.2173986802207959,1
783,0.10257289386044965,0.3909949598153558,0.426382030722392,0
784,0.31884239758332733,0.18518895445580585,0.1385595327711009,0
785,0.7848796239114394,0.4298090927840694,0.2547568714361935,0
786,0.5523531613696964,0.37435380516479355,0.6149390055138382,1
787,0.5121118053963462,0.8281572893775462,0.3832356766159646,1
788,0.18369942925655225,0.6129862759487658,0.10416195674444695,1
789,0.8933383908707537,0.2774936673408358,0.4638716826546424,1
790,0.724803538167197,0.46839928248405727,0.48675440341630916,0
791,0.9344299210251685,0.3936862048716705,0.4303209987527281,0
792,0.1950098153710359,0.4970634064269932,0.5379650928498876,1
793,0.2389058792916372,0.8636057849363882,0.14336939943303217,1
794,0.9200188209045048,0.33901850730028016,0.4199837895916497,1
795,0.49302056852820786,0.8877793117205242,0.7068724208166106,0
796,0.5092886033016114,0.14464529580757035,0.5487240771780404,0
797,0.48487383807489504,0.7095943300190672,0.5440944409726317,0
798,0.4920296738087876,0.7806731964596288,0.5881172170215845,0
799,0.3376282543843575,0.5761757663482903,0.8427924961067265,0
800,0.288194061664773,0.6667246236053388,0.3316694514819337,1
801,0.1480101534794649,0.3152462641499434,0.7360423922525634,1
802,0.9828418448060737,0.05302342614407085,0.031102311965713447,0
803,0.19476136640075814,0.608815943254186,0.7151716580074354,0
804,0.6977525080379403,0.49390743476653687,0.4052220949543155,1
805,0.7349812671572221,0.721243913433605,0.4428169342149342,0
806,0.8167715724860075,0.5322882688711372,0.0034627558337653186,0
807,0.1147882998481139,0.5616605658421532,0.8072128128113274,1
808,0.029074238147431264,0.4999117308941764,0.45999590664944756,0
809,0.8804897734995886,0.7807926513606309,0.4323335916274593,0
810,0.9494481057734544,0.8076015651318496,0.274198428702913,0
811,0.288436728562969,0.5939319713520685,0.0010101568011554596,0
812,0.9643357663998532,0.9018758145781621,0.6884870671928103,0
813,0.3194053742798022,0.42508975013730665,0.5887744256437075,0
814,0.5317320446217463,0.7075560026983246,0.03848566201372272,1
815,0.09931422941779466,0.996962280393711,0.8018704070353248,0
816,0.24751027891751742,0.14734834213331227,0.024605825668093995,0
817,0.17673603045932307,0.6814646009955085,0.8896078483668461,1
818,0.5006557875771074,0.9226846818157437,0.2187864726043668,1
819,0.45871410843212024,0.9826445664394496,0.9373293891906743,0
820,0.19647465219275417,0.7155152160185263,0.9801897002621811,0
821,0.33815580087477926,0.3333865950453353,0.9432410133180081,1
822,0.42547981214488906,0.6010162583602057,0.037479391252879135,0
823,0.07640326291926058,0.3789274515986366,0.9677464172240137,1
824,0.42076018560504824,0.574502242941502,0.9543970996764615,0
825,0.20796035437729166,0.929086916442464,0.14678450315117397,0
826,0.03516709200341106,0.5820321410596483,0.6472926472159684,1
827,0.7098348051289542,0.33955721190510757,0.16465784837381625,0
828,0.6100172535683036,0.9498892175877395,0.5208448319980702,1
829,0.5423548034558224,0.5637334490480835,0.811423666078408,0
830,0.1938498745816274,0.9298534575250742,0.9965369107617775,0
831,0.8685430151243636,0.18975692199317207,0.3110982593076652,0
832,0.3626741329106761,0.6746362572311705,0.9947953069180889,1
833,0.8358735690286767,0.4543583076034018,0.1489761582352721,0
834,0.8091080058714406,0.31487221709027147,0.4349684489053114,0
835,0.6129725329778192,0.13254173231304922,0.20142871633106918,1
836,0.9548842722166219,0.14254218420268372,0.2683717347391106,0
837,0.6190979247875313,0.3194654916037444,0.7306423737705486,0
838,0.15093592307076176,0.035679454298580215,0.44773977822373623,0
839,0.49988775640144434,0.6489694134466354,0.5613806329179011,0
840,0.34232699520252874,0.5996074548242294,0.11113268358948603,1
841,0.5109508114335023,0.7075703020913133,0.09459366602011854,0
842,0.08115360567352281,0.27968623825443084,0.8860003619917883,0
843,0.6947142214195642,0.22750758779748947,0.6969540578695421,0
844,0.7525822082445822,0.641590866785933,0.7115035221526694,0
845,0.7527559454928451,0.2130493972567984,0.8980006944816046,1
846,0.7474028172453668,0.4087231840995137,0.15977580977963446,1
847,0.3963382425646752,0.5407069169666026,0.6840949041619869,0
848,0.96406458739617,0.3051421105032821,0.43031315599181785,1
849,0.6537071346895229,0.5073822138832442,0.557533608470137,1
850,0.5132675165200196,0.9750170967816142,0.9334222520012985,1
851,0.9638233486388539,0.13819310146710762,0.3144708618756673,0
852,0.14710023988444887,0.3519354240815634,0.9165518717157239,1
853,0.23790898350146827,0.7411025959270361,0.4620758983272266,0
854,0.24426713806833456,0.5995606169101408,0.9344085704714858,0
855,0.3530755926700696,0.23306464939842164,0.6583921815212848,0
856,0.8243775228098524,0.21733861791804387,0.43751981574967624,0
857,0.9460365696318921,0.4340947544697086,0.1327551234731872,0
858,0.15018924105241993,0.46945267672517854,0.577691795824103,0
859,0.2950090106270542,0.9776574831504993,0.8470588389202667,1
860,0.43331439218980183,0.599262578513947,0.5407943354197624,0
861,0.3214746291397277,0.021919985736246317,0.9605182507382246,1
862,0.7685650732191892,0.26613447434736615,0.0966170187996207,0
863,0.17442968909413525,0.5085118772271509,0.35985835486449724,0
864,0.28795661883297385,0.6343191606078074,0.8757371826147995,1
865,0.38525470359756664,0.5967881104405677,0.8067717094409388,1
866,0.5724755100782448,0.2674923661420031,0.3957692837749457,1
867,0.5591570446120021,0.7442650241950461,0.8168840331310172,1
868,0.3882987548460639,0.7427885421331477,0.5167213380199576,0
869,0.32635155222242906,0.9025997575171307,0.07026253897188495,1
870,0.7830267566338952,0.5360801809271007,0.5325551650269805,0
871,0.071712852726448,0.6245989744909459,0.3513163909834136,0
872,0.9558037988025779,0.7381782932909675,0.34290772826204197,1
873,0.37763484576129636,0.8245097033161335,0.39825811073255124,0
874,0.5912122567561934,0.46049213532516375,0.5374018617117949,0
875,0.3108330798211705,0.23109051061654906,0.7561547590132699,0
876,0.3642624180904662,0.561790135913469,0.9329610669475845,1
877,0.39327412808541906,0.929457084087458,0.9111628949477992,1
878,0.1761398184156283,0.41099587320550324,0.8355107232759478,0
879,0.16218587145953045,0.6748942652370928,0.9662495619438675,1
880,0.673147894884029,0.8076081844333114,0.8321361826372342,0
881,0.8751881436066355,0.4777464708452741,0.9995554234930661,0
882,0.7732413719627323,0.597851211247954,0.9104634489322628,1
883,0.2083441990997429,0.06165173595617457,0.03564597223111188,1
884,0.9265745636765335,0.7268854601472003,0.8662039418316624,0
885,0.5156005947372541,0.21566373185452237,0.9794306813600779,0
886,0.5908752784130833,0.890188588677292,0.6830540760842848,0
887,0.6287223760945815,0.4748697881673205,0.2454284262635813,1
888,0.5991681456060901,0.12565896593095272,0.008912675491548838,0
889,0.9964579714845142,0.6465965392763268,0.717501460376149,1
890,0.01032471624364828,0.11182188504621482,0.13330916378214763,1
891,0.6130091797215612,0.2788346698695924,0.4292350099400345,0
892,0.7774828296464964,0.30718445074891154,0.5887045808296443,1
893,0.6937347658274282,0.6078891103073164,0.09518625783664636,1
894,0.9813402838415152,0.35501861587954653,0.7453860598302311,0
895,0.5344042559769244,0.2661826693019461,0.054342048151387545,0
896,0.7672701242043367,0.18344256711706752,0.3631854003138718,1
897,0.9683743476518667,0.30829695473732543,0.33232426023272543,1
898,0.26297138716509916,0.6171037309495332,0.6638057943630131,1
899,0.8387092905264159,0.006203158461418168,0.8111050864516802,0
900,0.11177297749710069,0.6550228142510275,0.7826876917343094,1
901,0.7840769231838719,0.09422905241673785,0.23045392609147808,1
902,0.7375360041323582,0.7665694449065231,0.8856194688863487,1
903,0.5633302242770787,0.7094316608834106,0.8680746273331346,1
904,0.5918687901546145,0.31543130378580964,0.21363446478604342,0
905,0.627124403950955,0.6702528836007962,0.37614258287892877,0
906,0.40579503172013964,0.19083670371798056,0.0887673260752112,1
907,0.8677989597757142,0.5721832163459262,0.5595484652210453,0
908,0.19353889659077195,0.09752423224341233,0.3048553010770747,0
909,0.9435878159438479,0.08088014409031274,0.6317370638813732,1
910,0.44180475162441346,0.5499834155324712,0.1610020848657966,0
911,0.47790028917614724,0.8956083851384831,0.36855854657084686,1
912,0.005026661146944722,0.4953136802892588,0.0782275928220435,1
913,0.21872751263997692,0.2948639623796696,0.6085199914461704,1
914,0.13716174308364926,0.7357592843054945,0.9148911239111805,1
915,0.17554093197293474,0.20586042894141188,0.8314433684646086,0
916,0.2432638431892602,0.7872705608266434,0.015318020914464547,0
917,0.7962956719729548,0.34499762161392455,0.6979034552511332,0
918,0.08160891656635583,0.4648614429309219,0.24966906777236542,0
919,0.587251193984121,0.9753962489394511,0.9965786826432904,0
920,0.44006445714468057,0.065633265687561,0.174427541604237,1
921,0.765650634483298,0.6059382313398094,0.5431026667724697,0
922,0.5013603560259952,0.660710570172375,0.6197352874957525,1
923,0.4191516075432783,0.14935512337735868,0.20957744883785545,0
924,0.34802220616635704,0.5072795347393805,0.5613397823708738,0
925,0.2098950040627774,0.6935640202196494,0.21878950362478944,0
926,0.268207588173201,0.23394306857020042,0.5991326247515897,0
927,0.5474672738382907,0.23996699758085438,0.8850629201406389,0
928,0.3228496851825833,0.8820849365071467,0.004146676359231494,1
929,0.09716281417028572,0.6406395505937101,0.03565838026129553,0
930,0.1119929437929359,0.7434563956371559,0.29920633641555394,0
931,0.7773267876890583,0.8244121331166389,0.40236750480244765,1
932,0.22106382539213132,0.3746414040900905,0.8811011225116595,1
933,0.6200881617371614,0.4624563865817023,0.9405834209380223,0
934,0.7062553035923557,0.2821187455459714,0.3917123116919764,0
935,0.7389459041210772,0.7378578576848294,0.8036159266491288,1
936,0.9339885692809373,0.6985709175476792,0.8192873875062815,1
937,0.8112037707041172,0.5198228071815887,0.8705419114927936,0
938,0.13515313831788323,0.09547672712122268,0.7969748521263087,1
939,0.523092584641147,0.72908715379751,0.8932093572691148,0
940,0.369779152725201,0.5055544457454417,0.7180022206649997,1
941,0.8034490755508693,0.5161093513851016,0.04669486657561528,0
942,0.1327476576535177,0.0996395412607407,0.7629153045103142,1
943,0.12317900691610895,0.3945278146514327,0.9106558910174164,1
944,0.05711191181408326,0.5044517330173222,0.9018077034149161,0
945,0.034767321580335464,0.697521730927526,0.046828135283864314,0
946,0.24528815417409044,0.09991264918611098,0.3044499320820627,0
947,0.6574702052255844,0.41871557493677525,0.5866871533288224,1
948,0.9507290811363883,0.9205735739421118,0.21581167877277097,1
949,0.5655389852541775,0.40652549080211486,0.5325204369276889,1
950,0.12559345822300128,0.6215187186014214,0.6063561167836494,0
951,0.42927853398589033,0.22554036279243694,0.6619237129881644,1
952,0.08060624685712647,0.2359735206946485,0.8207758618796075,1
953,0.18857981008719638,0.5308739084791677,0.9508289450172297,1
954,0.8819058829875696,0.5555714217501984,0.2707712098299322,1
955,0.8490995691942247,0.41072306076394494,0.2295825121782641,0
956,0.9920172308201676,0.20919404135264152,0.731682366553287,1
957,0.38107176620311767,0.7275652218665245,0.6966939630700698,0
958,0.15119997146490383,0.23382137368138423,0.6097560063948769,0
959,0.02021085926474364,0.7323303751692886,0.30264808333270443,0
960,0.47269001125497456,0.03439043149074639,0.17796576803154218,0
961,0.9460489993897068,0.9780376235986782,0.3672686201051779,1
962,0.43811275043543074,0.08089139347611196,0.9472937096148745,0
963,0.1683830586459537,0.5396946290783652,0.8770386010526307,0
964,0.7338034257241055,0.5236403886515519,0.1405621903092209,0
965,0.21648627348656413,0.6411477011022486,0.42651554780233825,1
966,0.5249424750883737,0.4916931740079009,0.4293336751985415,0
967,0.3414338122284757,0.37767362840233687,0.9173841118639374,0
968,0.6814458989114318,0.5418272858384997,0.4353523766853872,1
969,0.3840533051697669,0.639916952141243,0.6612678879537268,1
970,0.1690613203600585,0.16724439694876736,0.9664167737493573,0
971,0.4898173631165109,0.2050493021545664,0.2861299901925993,1
972,0.5006756653803771,0.5030060502261661,0.6503773082979868,1
973,0.8276631263447357,0.10470309732240823,0.03234005610442936,0
974,0.20011862913281298,0.9595291702611681,0.3281230420980752,0
975,0.24711203174121477,0.2021134902549203,0.674809882985082,1
976,0.8216612423501829,0.07462170012043656,0.7931467937768051,1
977,0.9941766536134296,0.23069531528496756,0.5745527481005838,1
978,0.12625062083502359,0.42883100725773915,0.7176438959366888,1
979,0.09339293364977941,0.1948019266127361,0.9480985022739358,0
980,0.8337021313145074,0.7538425684562909,0.9215614518899663,0
981,0.8066588932175244,0.5570433533124041,0.10338708732083868,0
982,0.5651593011860258,0.9401076401963004,0.49458698032054005,1
983,0.38252049675732236,0.5043369922907855,0.5509445453527813,0
984,0.014576699351813382,0.9920696001791182,0.09592621180136185,0
985,0.13997069471006196,0.14372974109491687,0.8590045530897703,1
986,0.30156563185689655,0.0977481205399996,0.12425423213951026,0
987,0.6607704484131804,0.6971834298151323,0.4144890163588396,0
988,0.8941796454067946,0.48899468084288955,0.7437040911896254,0
989,0.1565512862553169,0.47574370509999,0.8352337930917915,0
990,0.6731649227367936,0.8670456852459226,0.28573147549068,1
991,0.9331898623840592,0.008649525260030155,0.9541814724402606,1
992,0.5708729993756814,0.5259678922267482,0.40286237057689733,1
993,0.9809502246073124,0.5451909618100399,0.7899336717117914,1
994,0.4536418811605818,0.9273054764991439,0.18480783696420844,1
995,0.7327327078666634,0.06193780090050216,0.7361600833667176,1
996,0.3857236886110561,0.0770140936062147,0.014642336145434642,0
997,0.7149107736133683,0.09471406231469415,0.8460072324651071,0
998,0.442816784793887,0.24156708546948513,0.08010779975491666,0
999,0.678413305065698,0.5528872697755806,0.8934048035219218,1
